file,name,label,split
vancouver-test-18266301676296123469.pkl,acer,20,train
vancouver-test-6483900364497958723.pkl,prunus,17,train
vancouver-test-5226160161347850461.pkl,prunus,17,train
vancouver-test-8580837950806628220.pkl,prunus,17,train
vancouver-test-10536129193214403705.pkl,quercus,3,train
vancouver-test-5488361740504416282.pkl,carpinus,8,train
vancouver-test-17734797808590939377.pkl,acer,20,train
vancouver-test-2592164116418679098.pkl,carpinus,8,train
vancouver-test-14177299125591796353.pkl,acer,20,train
vancouver-test-1033755844025244814.pkl,carpinus,8,train
vancouver-test-1353254034115528432.pkl,fraxinus,1,train
vancouver-test-8867225067255425737.pkl,acer,20,train
vancouver-test-5616932344781883815.pkl,fraxinus,1,train
vancouver-test-11672496849812946350.pkl,syringa,11,train
vancouver-test-198423600467966617.pkl,prunus,17,train
vancouver-test-18033572298693321123.pkl,prunus,17,train
vancouver-test-13763097940196916934.pkl,prunus,17,train
vancouver-test-10257304865411271501.pkl,fraxinus,1,train
vancouver-test-13310842425309192995.pkl,carpinus,8,train
vancouver-test-10129487234549211821.pkl,gleditsia,10,train
vancouver-test-13076585056242413397.pkl,pyrus,2,train
vancouver-test-15799615123654418760.pkl,cercidiphyllum,19,train
vancouver-test-8226810764303595215.pkl,fagus,18,train
vancouver-test-2353041859532330641.pkl,carpinus,8,train
vancouver-test-9145588862055567798.pkl,carpinus,8,train
vancouver-test-2454116160972093926.pkl,prunus,17,train
vancouver-test-7871804466278535846.pkl,crataegus,12,train
vancouver-test-15697846113059321722.pkl,prunus,17,train
vancouver-test-12676609123766459761.pkl,acer,20,train
vancouver-test-15561341266332335334.pkl,fagus,18,train
vancouver-test-1541007665051393633.pkl,magnolia,0,train
vancouver-test-17084732458055534643.pkl,malus,21,train
vancouver-test-14962896141589531578.pkl,tilia,6,train
vancouver-test-7201904406276433268.pkl,fraxinus,1,train
vancouver-test-12556682367217362330.pkl,prunus,17,train
vancouver-test-2282354019283224747.pkl,acer,20,train
vancouver-test-4898962240677811194.pkl,acer,20,train
vancouver-test-13569515284860219242.pkl,pyrus,2,train
vancouver-test-4929987660268833446.pkl,carpinus,8,train
vancouver-test-7018481342786134286.pkl,acer,20,train
vancouver-test-16920364181028421365.pkl,cornus,13,train
vancouver-test-10645334762035949049.pkl,fraxinus,1,train
vancouver-test-5690743443876935611.pkl,tilia,6,train
vancouver-test-3658456649370126176.pkl,acer,20,train
vancouver-test-5706570554559510970.pkl,tilia,6,train
vancouver-test-3651340767549927487.pkl,prunus,17,train
vancouver-test-7066176758707864116.pkl,acer,20,train
vancouver-test-13104891855941373511.pkl,prunus,17,train
vancouver-test-11561205269402051578.pkl,prunus,17,train
vancouver-test-1992811116067393250.pkl,prunus,17,train
vancouver-test-7629040750008399301.pkl,fraxinus,1,train
vancouver-test-15100585407435099081.pkl,prunus,17,train
vancouver-test-5990923580243596608.pkl,carpinus,8,train
vancouver-test-13771550462349789742.pkl,acer,20,train
vancouver-test-3224773363588185979.pkl,prunus,17,train
vancouver-test-12331183174529370459.pkl,fagus,18,train
vancouver-test-4729064806620415147.pkl,acer,20,train
vancouver-test-4806018520442396567.pkl,quercus,3,train
vancouver-test-16474685049678606593.pkl,acer,20,train
vancouver-test-2130183380966861831.pkl,prunus,17,train
vancouver-test-4047862865352560819.pkl,crataegus,12,train
vancouver-test-5217659693252023340.pkl,syringa,11,train
vancouver-test-9024175424157208605.pkl,acer,20,train
vancouver-test-16382757191503843600.pkl,crataegus,12,train
vancouver-test-1283081914058688331.pkl,acer,20,train
vancouver-test-11746988253483545053.pkl,cornus,13,train
vancouver-test-5334977809250558386.pkl,cornus,13,train
vancouver-test-9249743237012110334.pkl,fagus,18,train
vancouver-test-5975017246428165803.pkl,cercis,14,train
vancouver-test-16660721671132997331.pkl,prunus,17,train
vancouver-test-17335664567998787227.pkl,acer,20,train
vancouver-test-13238088353975042101.pkl,acer,20,train
vancouver-test-16812884665366800713.pkl,magnolia,0,train
vancouver-test-13263717601470936210.pkl,prunus,17,train
vancouver-test-1152638990410918088.pkl,magnolia,0,train
vancouver-test-6517399233315575101.pkl,malus,21,train
vancouver-test-9648071841757669692.pkl,malus,21,train
vancouver-test-12118207873002645290.pkl,crataegus,12,train
vancouver-train-9738451018378423397.pkl,quercus,3,train
vancouver-test-4602480680436453943.pkl,malus,21,train
vancouver-test-13038284625780364501.pkl,acer,20,train
vancouver-test-5301425797606825079.pkl,carpinus,8,train
vancouver-test-1762969076867419347.pkl,prunus,17,train
vancouver-test-16149840443451744185.pkl,acer,20,train
vancouver-test-2867796803282307465.pkl,prunus,17,train
vancouver-test-16900782978523878864.pkl,acer,20,train
vancouver-test-17629354942922705439.pkl,prunus,17,train
vancouver-test-16714576215762305814.pkl,prunus,17,train
vancouver-test-11980758872146540628.pkl,aesculus,7,train
vancouver-train-3745102878536441617.pkl,carpinus,8,train
vancouver-test-14686582954514515388.pkl,acer,20,train
vancouver-test-2848063979009818975.pkl,crataegus,12,train
vancouver-test-7910184139786709700.pkl,prunus,17,train
vancouver-test-16345523311358057106.pkl,acer,20,train
vancouver-test-2756031893273437776.pkl,pyrus,2,train
vancouver-test-13618954151733205048.pkl,malus,21,train
vancouver-test-16010186127527348999.pkl,prunus,17,train
vancouver-test-7383556101565172619.pkl,prunus,17,train
vancouver-test-3730923674501792296.pkl,crataegus,12,train
vancouver-test-12103005635200774018.pkl,acer,20,train
vancouver-test-893613084332636521.pkl,prunus,17,train
vancouver-test-4631820671210699232.pkl,quercus,3,train
vancouver-test-13173478012011060979.pkl,carpinus,8,train
vancouver-test-15342721582282221763.pkl,prunus,17,train
vancouver-test-10918790231789895868.pkl,prunus,17,train
vancouver-test-11713727017724739325.pkl,carpinus,8,train
vancouver-test-15941416578617241355.pkl,ulmus,4,train
vancouver-test-10492849790000017480.pkl,prunus,17,train
vancouver-test-2901786623760628487.pkl,prunus,17,train
vancouver-test-12393862109009898939.pkl,acer,20,train
vancouver-test-13365327360309494472.pkl,prunus,17,train
vancouver-test-11210642595074390424.pkl,prunus,17,train
vancouver-test-1504806376881760943.pkl,prunus,17,train
vancouver-test-3882330179354333946.pkl,acer,20,train
vancouver-test-11097346530067692713.pkl,acer,20,train
vancouver-test-2571427451153124190.pkl,tilia,6,train
vancouver-test-10433413154669310553.pkl,acer,20,train
vancouver-test-16284642629967237385.pkl,fraxinus,1,train
vancouver-test-15311263318440425843.pkl,prunus,17,train
vancouver-test-9258310970703624226.pkl,fraxinus,1,train
vancouver-test-11136961132483904358.pkl,magnolia,0,train
vancouver-test-7283767480022395182.pkl,acer,20,train
vancouver-test-10993176842696699238.pkl,syringa,11,train
vancouver-test-16119982058330738476.pkl,fagus,18,train
vancouver-test-2151053604939521699.pkl,prunus,17,train
vancouver-test-13832308758183444740.pkl,fagus,18,train
vancouver-test-11116445463064933306.pkl,tilia,6,train
vancouver-test-17454570610256013250.pkl,quercus,3,train
vancouver-test-10708076938677598451.pkl,prunus,17,train
vancouver-test-6257775514471098349.pkl,acer,20,train
vancouver-test-16215260377688184397.pkl,tilia,6,train
vancouver-test-2373425811524826440.pkl,quercus,3,train
vancouver-test-496381811577341850.pkl,carpinus,8,train
vancouver-test-14819209137113042593.pkl,malus,21,train
vancouver-test-7123776227935202123.pkl,acer,20,train
vancouver-test-7954421359056061061.pkl,prunus,17,train
vancouver-test-2867081683880799804.pkl,thuja,15,train
vancouver-test-5980561101904341054.pkl,tilia,6,train
vancouver-test-5393183614644009262.pkl,prunus,17,train
vancouver-test-3489349094144838088.pkl,prunus,17,train
vancouver-test-1723127330892792662.pkl,acer,20,train
vancouver-test-1518539436203085036.pkl,acer,20,train
vancouver-test-12733932262615546845.pkl,prunus,17,train
vancouver-test-10841793166850242146.pkl,magnolia,0,train
vancouver-test-2528588846615925468.pkl,acer,20,train
vancouver-test-14752961598947423644.pkl,acer,20,train
vancouver-test-15758745557208885269.pkl,magnolia,0,train
vancouver-test-488792965284571147.pkl,acer,20,train
vancouver-test-17787325941145803357.pkl,magnolia,0,train
vancouver-test-1920364443620400455.pkl,prunus,17,train
vancouver-test-14612586042054092115.pkl,tilia,6,train
vancouver-test-5054375624675244051.pkl,ulmus,4,train
vancouver-test-8740642319986483288.pkl,malus,21,train
vancouver-test-12879920000471912150.pkl,prunus,17,train
vancouver-test-14315205546393118739.pkl,tilia,6,train
vancouver-test-17946717686775799455.pkl,tilia,6,train
vancouver-test-16534337684936862939.pkl,prunus,17,train
vancouver-test-10641132324166383653.pkl,acer,20,train
vancouver-test-318117735203633681.pkl,fagus,18,train
vancouver-test-7221315250690132070.pkl,acer,20,train
vancouver-test-2339462109678570569.pkl,fagus,18,train
vancouver-test-13272567189528735145.pkl,platanus,9,train
vancouver-test-17110480421421199409.pkl,cercidiphyllum,19,train
vancouver-test-3525978102671335431.pkl,cornus,13,train
vancouver-test-7137248886965067551.pkl,acer,20,train
vancouver-test-11290438295760242803.pkl,carpinus,8,train
vancouver-test-10472850877144537196.pkl,prunus,17,train
vancouver-test-10309146442641057143.pkl,prunus,17,train
vancouver-test-1665396486065824893.pkl,fagus,18,train
vancouver-test-14470822702503528033.pkl,fraxinus,1,train
vancouver-test-8200519769877458478.pkl,acer,20,train
vancouver-test-11724619227288932620.pkl,fraxinus,1,train
vancouver-test-9611210817183533396.pkl,malus,21,train
vancouver-test-12506756346970086763.pkl,carpinus,8,train
vancouver-test-1032751269977168698.pkl,acer,20,train
vancouver-test-11885415818110298903.pkl,syringa,11,train
vancouver-test-14466418775900893668.pkl,fagus,18,train
vancouver-test-7861873357789375122.pkl,fraxinus,1,train
vancouver-test-16600757659246922187.pkl,acer,20,train
vancouver-test-13160284468306835186.pkl,crataegus,12,train
vancouver-test-11921068924626250867.pkl,acer,20,train
vancouver-test-14523058297826315559.pkl,cornus,13,train
vancouver-test-3789842161711321049.pkl,prunus,17,train
vancouver-test-2195252259563386389.pkl,crataegus,12,train
vancouver-test-14785371787147878924.pkl,acer,20,train
vancouver-test-17029306169073596400.pkl,fraxinus,1,train
vancouver-test-17732605001105281831.pkl,platanus,9,train
vancouver-test-13876284642071974071.pkl,acer,20,train
vancouver-test-11054303672824336902.pkl,magnolia,0,train
vancouver-test-5110689410229632226.pkl,acer,20,train
vancouver-test-8137532975508812991.pkl,acer,20,train
vancouver-test-3125859739617506769.pkl,fagus,18,train
vancouver-test-16873845096500541597.pkl,acer,20,train
vancouver-test-16647184208772658467.pkl,crataegus,12,train
vancouver-test-13075728435401740901.pkl,quercus,3,train
vancouver-test-10771701956849458898.pkl,acer,20,train
vancouver-test-11935920259625563933.pkl,cornus,13,train
vancouver-test-9303871903791840470.pkl,carpinus,8,train
vancouver-test-3000773572662146786.pkl,cornus,13,train
vancouver-test-13312123730329400839.pkl,acer,20,train
vancouver-test-1951596654600220725.pkl,thuja,15,train
vancouver-test-15771253927010997645.pkl,crataegus,12,train
vancouver-test-12234314000952508825.pkl,crataegus,12,train
vancouver-test-5455689637160571195.pkl,thuja,15,train
vancouver-train-1675818839264471407.pkl,carpinus,8,train
vancouver-test-10257703272406450395.pkl,prunus,17,train
vancouver-test-14332805928395367618.pkl,acer,20,train
vancouver-test-5370049982331971098.pkl,ulmus,4,train
vancouver-test-9231491747702044735.pkl,picea,5,train
vancouver-test-10542806170270687755.pkl,magnolia,0,train
vancouver-test-16552411567273912262.pkl,crataegus,12,train
vancouver-test-16326569003677909225.pkl,acer,20,train
vancouver-test-11238527875101171477.pkl,prunus,17,train
vancouver-test-17123444758478863253.pkl,prunus,17,train
vancouver-test-5915389862762543424.pkl,syringa,11,train
vancouver-test-6099164949883342663.pkl,prunus,17,train
vancouver-test-1267090564116874629.pkl,crataegus,12,train
vancouver-test-5784271292220053501.pkl,thuja,15,train
vancouver-test-18127737517656718221.pkl,prunus,17,train
vancouver-test-12972934657637825632.pkl,aesculus,7,train
vancouver-test-493408008258626883.pkl,prunus,17,train
vancouver-test-4471716722294041789.pkl,carpinus,8,train
vancouver-test-6227968283172628947.pkl,acer,20,train
vancouver-test-10636901007662294504.pkl,prunus,17,train
vancouver-test-16220754515412284745.pkl,fraxinus,1,train
vancouver-test-5958439416906278910.pkl,prunus,17,train
vancouver-test-11188797282356731412.pkl,fagus,18,train
vancouver-test-8033927957002991713.pkl,fagus,18,train
vancouver-test-6262341160133541697.pkl,prunus,17,train
vancouver-test-18407325569512186672.pkl,quercus,3,train
vancouver-test-3506245790631268999.pkl,prunus,17,train
vancouver-test-3110560997649853234.pkl,prunus,17,train
vancouver-test-12266012172927752462.pkl,carpinus,8,train
vancouver-test-13469702639530606586.pkl,fagus,18,train
vancouver-test-15981709784500370983.pkl,prunus,17,train
vancouver-test-13829935373301312154.pkl,fagus,18,train
vancouver-test-1183133004592199416.pkl,syringa,11,train
vancouver-test-11330342465046296164.pkl,acer,20,train
vancouver-test-17872773815929618132.pkl,fraxinus,1,train
vancouver-test-4019229949172186718.pkl,acer,20,train
vancouver-test-13676846350940879128.pkl,tilia,6,train
vancouver-test-2875885020863686862.pkl,carpinus,8,train
vancouver-test-12496849710952596025.pkl,acer,20,train
vancouver-test-1518100384915202035.pkl,fagus,18,train
vancouver-test-5833932912122204743.pkl,gleditsia,10,train
vancouver-test-8413980557795024134.pkl,acer,20,train
vancouver-test-4387653694156456791.pkl,acer,20,train
vancouver-test-8320319109721205816.pkl,tilia,6,train
vancouver-test-6485541227492154150.pkl,prunus,17,train
vancouver-test-8664969034812019978.pkl,prunus,17,train
vancouver-test-336269597281169594.pkl,quercus,3,train
vancouver-test-6234778078119623976.pkl,carpinus,8,train
vancouver-test-1981310877064559373.pkl,prunus,17,train
vancouver-test-9076885411792944074.pkl,prunus,17,train
vancouver-test-7007916779832021979.pkl,ulmus,4,train
vancouver-test-15686518122360752766.pkl,crataegus,12,train
vancouver-test-5592470636049490896.pkl,malus,21,train
vancouver-test-9417303961217494529.pkl,tilia,6,train
vancouver-test-1811436482954650398.pkl,fagus,18,train
vancouver-test-15722210027925532635.pkl,prunus,17,train
vancouver-test-11916663633466480804.pkl,fagus,18,train
vancouver-test-16508971579587305060.pkl,acer,20,train
vancouver-test-10976585794995823022.pkl,acer,20,train
vancouver-test-7474377834923941502.pkl,crataegus,12,train
vancouver-test-15337210674759125142.pkl,prunus,17,train
vancouver-test-14629052743406867746.pkl,acer,20,train
vancouver-test-6959423330615895781.pkl,cornus,13,train
vancouver-test-16101669199704393708.pkl,acer,20,train
vancouver-test-6624151354547049422.pkl,acer,20,train
vancouver-test-13937841830413775209.pkl,prunus,17,train
vancouver-test-6680953119537910303.pkl,cornus,13,train
vancouver-test-11373322024259643844.pkl,fraxinus,1,train
vancouver-test-8574282909402324860.pkl,fraxinus,1,train
vancouver-test-2284942226207091314.pkl,acer,20,train
vancouver-test-7894003405671941085.pkl,tilia,6,train
vancouver-test-16580923327202222056.pkl,gleditsia,10,train
vancouver-test-1471485842625236544.pkl,crataegus,12,train
vancouver-train-9992460269775589274.pkl,syringa,11,train
vancouver-test-3287132930392563872.pkl,acer,20,train
vancouver-test-2410198311834620656.pkl,fraxinus,1,train
vancouver-test-6150600533931581825.pkl,prunus,17,train
vancouver-test-4059840637754697888.pkl,magnolia,0,train
vancouver-test-11077365865676889404.pkl,fagus,18,train
vancouver-test-15937799987139645573.pkl,cornus,13,train
vancouver-test-16299139751613261545.pkl,fagus,18,train
vancouver-test-4237347613434742931.pkl,acer,20,train
vancouver-train-13696460779137044436.pkl,prunus,17,train
vancouver-test-14282866702415160465.pkl,quercus,3,train
vancouver-test-13879562027877383873.pkl,crataegus,12,train
vancouver-test-14045316556737790616.pkl,acer,20,train
vancouver-test-10520996972611494211.pkl,fagus,18,train
vancouver-test-9708612112895908303.pkl,acer,20,train
vancouver-test-4575043737242678414.pkl,carpinus,8,train
vancouver-test-9632389376784010724.pkl,carpinus,8,train
vancouver-test-5997981317484814821.pkl,acer,20,train
vancouver-test-15278302329572931012.pkl,prunus,17,train
vancouver-test-13601503689752953049.pkl,gleditsia,10,train
vancouver-test-14946762590365799363.pkl,prunus,17,train
vancouver-test-11381647563088450951.pkl,prunus,17,train
vancouver-test-2851425291838419254.pkl,crataegus,12,train
vancouver-test-13088625967774025918.pkl,fagus,18,train
vancouver-test-16467778441747197120.pkl,aesculus,7,train
vancouver-test-3635115816275396801.pkl,crataegus,12,train
vancouver-test-181820103197439802.pkl,acer,20,train
vancouver-test-12873280541283083946.pkl,prunus,17,train
vancouver-test-1641453897284377725.pkl,prunus,17,train
vancouver-test-11138953359691332183.pkl,fraxinus,1,train
vancouver-test-16623631452848350312.pkl,fraxinus,1,train
vancouver-test-4755707485210797706.pkl,magnolia,0,train
vancouver-test-131266830242863931.pkl,magnolia,0,train
vancouver-test-139511474349167360.pkl,carpinus,8,train
vancouver-test-10023432470617426990.pkl,pyrus,2,train
vancouver-test-8721341389265479777.pkl,quercus,3,train
vancouver-test-17792392200117476246.pkl,acer,20,train
vancouver-test-14708771620228867977.pkl,fagus,18,train
vancouver-test-9119451510141599116.pkl,tilia,6,train
vancouver-test-7816296402142413963.pkl,carpinus,8,train
vancouver-test-1350750904877984714.pkl,prunus,17,train
vancouver-test-12029213355558650640.pkl,acer,20,train
vancouver-test-14512214195839108589.pkl,carpinus,8,train
vancouver-test-52100328284941804.pkl,magnolia,0,train
vancouver-test-8866006470660254374.pkl,acer,20,train
vancouver-test-3876032462334040606.pkl,thuja,15,train
vancouver-test-5517333823271525657.pkl,prunus,17,train
vancouver-test-5350363672466620370.pkl,malus,21,train
vancouver-test-17278827724564043612.pkl,fraxinus,1,train
vancouver-test-11926475850162021826.pkl,fagus,18,train
vancouver-test-10798003823306563140.pkl,prunus,17,train
vancouver-test-6040030463695398551.pkl,prunus,17,train
vancouver-test-5346533750436152988.pkl,prunus,17,train
vancouver-test-17738088071316220652.pkl,prunus,17,train
vancouver-test-3906154264171848838.pkl,prunus,17,train
vancouver-test-376831369913307713.pkl,acer,20,train
vancouver-test-11620093516351789460.pkl,acer,20,train
vancouver-test-12272931028581465243.pkl,prunus,17,train
vancouver-test-17632778055695186054.pkl,acer,20,train
vancouver-test-17468317224125757430.pkl,acer,20,train
vancouver-test-5973235148197923208.pkl,prunus,17,train
vancouver-test-4573066831991482114.pkl,fagus,18,train
vancouver-test-14129624549596230877.pkl,acer,20,train
vancouver-test-9640561537042722361.pkl,acer,20,train
vancouver-test-3972189728751633441.pkl,acer,20,train
vancouver-test-9826762663206510529.pkl,acer,20,train
vancouver-test-3516347863864502439.pkl,acer,20,train
vancouver-test-10797959404771267617.pkl,fraxinus,1,train
vancouver-test-17076338021921243811.pkl,malus,21,train
vancouver-test-9833387091479342066.pkl,pyrus,2,train
vancouver-test-6920827747458689439.pkl,fraxinus,1,train
vancouver-test-14946922612628901083.pkl,acer,20,train
vancouver-test-3402402585202038117.pkl,acer,20,train
vancouver-test-16171872923779804425.pkl,acer,20,train
vancouver-test-2880779677471385990.pkl,prunus,17,train
vancouver-test-9625548301664207019.pkl,prunus,17,train
vancouver-test-17558612517694781655.pkl,acer,20,train
vancouver-test-13346494819984640063.pkl,gleditsia,10,train
vancouver-test-9608647722212577178.pkl,prunus,17,train
vancouver-test-7295564756252257553.pkl,prunus,17,train
vancouver-test-2245771486279672848.pkl,fraxinus,1,train
vancouver-test-6087981010326995978.pkl,pyrus,2,train
vancouver-test-1521508408991471967.pkl,acer,20,train
vancouver-test-10579056792306855212.pkl,tilia,6,train
vancouver-test-10179368787284715729.pkl,prunus,17,train
vancouver-test-18043229935071711185.pkl,prunus,17,train
vancouver-test-10619919989093448609.pkl,tilia,6,train
vancouver-test-11716285196012376812.pkl,magnolia,0,train
vancouver-test-865369883345715593.pkl,fagus,18,train
vancouver-test-15725687640977959426.pkl,fraxinus,1,train
vancouver-test-7386336134021115963.pkl,magnolia,0,train
vancouver-test-10949461551200304433.pkl,carpinus,8,train
vancouver-test-4945425742180983334.pkl,carpinus,8,train
vancouver-test-6331974436880115839.pkl,carpinus,8,train
vancouver-test-9483762535197968948.pkl,fagus,18,train
vancouver-test-4992508381965955365.pkl,thuja,15,train
vancouver-test-14448637281789913511.pkl,magnolia,0,train
vancouver-test-17127629958816044256.pkl,acer,20,train
vancouver-test-1506450915432212737.pkl,prunus,17,train
vancouver-test-15998827651667064481.pkl,quercus,3,train
vancouver-test-14125255124730502865.pkl,acer,20,train
vancouver-test-16345409793240025482.pkl,prunus,17,train
vancouver-test-11671810695636568501.pkl,carpinus,8,train
vancouver-test-7479555048466967191.pkl,prunus,17,train
vancouver-test-1145960038053369823.pkl,acer,20,train
vancouver-test-7469860556528836825.pkl,magnolia,0,train
vancouver-test-8271531338218814578.pkl,prunus,17,train
vancouver-test-12406098504503745527.pkl,acer,20,train
vancouver-test-16290516987079952275.pkl,acer,20,train
vancouver-test-13114218518732691021.pkl,acer,20,train
vancouver-test-15658077085779390355.pkl,prunus,17,train
vancouver-test-3983828434807180238.pkl,acer,20,train
vancouver-test-12340368884293839074.pkl,pyrus,2,train
vancouver-test-10274187468859074530.pkl,acer,20,train
vancouver-test-1193879883794328735.pkl,tilia,6,train
vancouver-test-2171086042602445079.pkl,acer,20,train
vancouver-test-11912074413102353982.pkl,fagus,18,train
vancouver-test-10178725487816468415.pkl,cercidiphyllum,19,train
vancouver-test-7188366742741951433.pkl,prunus,17,train
vancouver-test-9773618773409154692.pkl,acer,20,train
vancouver-test-2884892157180035065.pkl,prunus,17,train
vancouver-test-1226313085193325189.pkl,prunus,17,train
vancouver-test-16021535738052032683.pkl,magnolia,0,train
vancouver-test-15501432593125914553.pkl,acer,20,train
vancouver-train-7548448731851132983.pkl,thuja,15,train
vancouver-test-380142185540803267.pkl,prunus,17,train
vancouver-test-7434219551566396482.pkl,fagus,18,train
vancouver-test-10562093112397360307.pkl,tilia,6,train
vancouver-test-4857015750706703963.pkl,acer,20,train
vancouver-test-10944736227827532496.pkl,acer,20,train
vancouver-test-14598073305536136983.pkl,prunus,17,train
vancouver-test-13811418229145522681.pkl,prunus,17,train
vancouver-test-6486652466318285182.pkl,prunus,17,train
vancouver-test-3922710449306778358.pkl,carpinus,8,train
vancouver-test-10230501192194283092.pkl,fraxinus,1,train
vancouver-test-11873220480777034035.pkl,prunus,17,train
vancouver-test-7840148269959273505.pkl,malus,21,train
vancouver-test-9979505416477237410.pkl,prunus,17,train
vancouver-test-3855706899444425956.pkl,gleditsia,10,train
vancouver-test-6701551478010875673.pkl,prunus,17,train
vancouver-test-3749824278206415581.pkl,prunus,17,train
vancouver-test-12761482839980722144.pkl,prunus,17,train
vancouver-test-4183203900151801430.pkl,acer,20,train
vancouver-test-10022085143873479396.pkl,acer,20,train
vancouver-test-16375165626554867492.pkl,magnolia,0,train
vancouver-test-8321950163305741043.pkl,pyrus,2,train
vancouver-test-2334233282296600108.pkl,prunus,17,train
vancouver-test-17523393114951956272.pkl,acer,20,train
vancouver-test-5447382757551719816.pkl,acer,20,train
vancouver-test-7227394631144995622.pkl,quercus,3,train
vancouver-test-4042822860187524052.pkl,fagus,18,train
vancouver-test-12565094088095219370.pkl,carpinus,8,train
vancouver-test-14182221572403541364.pkl,cercidiphyllum,19,train
vancouver-test-13647342999214016524.pkl,prunus,17,train
vancouver-test-6570419639611998704.pkl,tilia,6,train
vancouver-test-13221095030890299603.pkl,cornus,13,train
vancouver-test-765261402641245560.pkl,gleditsia,10,train
vancouver-test-12076555481923273287.pkl,fraxinus,1,train
vancouver-test-17023989893807466378.pkl,acer,20,train
vancouver-test-15610289944052851140.pkl,carpinus,8,train
vancouver-test-14061391784039748363.pkl,fraxinus,1,train
vancouver-test-4237494384042091272.pkl,acer,20,train
vancouver-test-8897191309340757492.pkl,fraxinus,1,train
vancouver-test-12773176798382971186.pkl,acer,20,train
vancouver-test-2563888742937800698.pkl,prunus,17,train
vancouver-test-13427572663625569132.pkl,acer,20,train
vancouver-test-12765701975167894324.pkl,gleditsia,10,train
vancouver-test-10925841806672692313.pkl,quercus,3,train
vancouver-test-15535599905773934145.pkl,acer,20,train
vancouver-test-5909665536363866125.pkl,magnolia,0,train
vancouver-test-15007819575674240971.pkl,pyrus,2,train
vancouver-test-9624975728059959675.pkl,tilia,6,train
vancouver-test-1009997340108653877.pkl,prunus,17,train
vancouver-test-10813234164453301643.pkl,tilia,6,train
vancouver-test-13090735751002749634.pkl,carpinus,8,train
vancouver-test-7754131136262283447.pkl,prunus,17,train
vancouver-test-7271479292386425227.pkl,fraxinus,1,train
vancouver-test-5116967740594715478.pkl,fagus,18,train
vancouver-test-10260521950447500542.pkl,prunus,17,train
vancouver-test-4697673052596315181.pkl,carpinus,8,train
vancouver-test-2094336471862733142.pkl,gleditsia,10,train
vancouver-test-5085190692993192301.pkl,acer,20,train
vancouver-test-6600393180434986717.pkl,cornus,13,train
vancouver-train-12835314760536286964.pkl,fraxinus,1,train
vancouver-test-14302429905269823336.pkl,prunus,17,train
vancouver-test-14208425968077635982.pkl,acer,20,train
vancouver-test-1802697758535517444.pkl,tilia,6,train
vancouver-test-6469199899712997049.pkl,prunus,17,train
vancouver-test-2790068937148610632.pkl,tilia,6,train
vancouver-test-4128371187966869872.pkl,acer,20,train
vancouver-test-10178562321313387443.pkl,acer,20,train
vancouver-test-18069339730220629077.pkl,cornus,13,train
vancouver-test-2914300124243448147.pkl,acer,20,train
vancouver-test-9303761984034016394.pkl,prunus,17,train
vancouver-test-5652746490009322433.pkl,prunus,17,train
vancouver-test-10596333102377543850.pkl,aesculus,7,train
vancouver-test-10370620911444194211.pkl,malus,21,train
vancouver-test-3834036481101803939.pkl,prunus,17,train
vancouver-test-2584868331526579726.pkl,quercus,3,train
vancouver-test-9173068789006063177.pkl,fraxinus,1,train
vancouver-test-15307479255488762558.pkl,prunus,17,train
vancouver-test-3366535746083272507.pkl,quercus,3,train
vancouver-test-12137885622045297099.pkl,fraxinus,1,train
vancouver-test-14724971697319796289.pkl,prunus,17,train
vancouver-test-14220720903705483076.pkl,magnolia,0,train
vancouver-test-17161777764657204532.pkl,carpinus,8,train
vancouver-test-14720516711267420473.pkl,prunus,17,train
vancouver-test-15222662353730853455.pkl,magnolia,0,train
vancouver-test-16285879937491855201.pkl,prunus,17,train
vancouver-train-15250353712905559081.pkl,pyrus,2,train
vancouver-test-5465286945855058472.pkl,fagus,18,train
vancouver-test-4980153530444448460.pkl,acer,20,train
vancouver-test-10924689347277725617.pkl,quercus,3,train
vancouver-test-4648543786254956103.pkl,fraxinus,1,train
vancouver-test-958214691349308675.pkl,malus,21,train
vancouver-test-9111930003418217488.pkl,acer,20,train
vancouver-test-9024477213153862738.pkl,corylus,16,train
vancouver-test-6742315806490256818.pkl,acer,20,train
vancouver-test-2723589779944770215.pkl,fagus,18,train
vancouver-test-18434345405330866815.pkl,prunus,17,train
vancouver-test-17041526358185716886.pkl,tilia,6,train
vancouver-test-8878773821219441663.pkl,prunus,17,train
vancouver-test-9803609513029754479.pkl,aesculus,7,train
vancouver-test-17308099756060704757.pkl,syringa,11,train
vancouver-test-2954101104628030807.pkl,thuja,15,train
vancouver-test-13904297147406884913.pkl,prunus,17,train
vancouver-test-8795538039423872686.pkl,carpinus,8,train
vancouver-test-6983694494733777452.pkl,acer,20,train
vancouver-test-11541630514341966302.pkl,acer,20,train
vancouver-test-3722771542992968245.pkl,malus,21,train
vancouver-test-5262542875709578231.pkl,acer,20,train
vancouver-test-10604536904320797304.pkl,fraxinus,1,train
vancouver-test-8408318801078375963.pkl,fraxinus,1,train
vancouver-test-7912740487163161194.pkl,carpinus,8,train
vancouver-test-14412868469341195064.pkl,tilia,6,train
vancouver-test-1018842030079838573.pkl,fraxinus,1,train
vancouver-train-11822621672109818785.pkl,cornus,13,train
vancouver-test-16680555181735234817.pkl,fagus,18,train
vancouver-test-15300965607742633993.pkl,prunus,17,train
vancouver-train-5781417462539374400.pkl,quercus,3,train
vancouver-test-9830451287983727648.pkl,malus,21,train
vancouver-test-10838991557939722941.pkl,acer,20,train
vancouver-test-11727191521801622740.pkl,magnolia,0,train
vancouver-test-13939778415058331530.pkl,aesculus,7,train
vancouver-test-12394214911867173665.pkl,acer,20,train
vancouver-test-15208446513399017952.pkl,prunus,17,train
vancouver-test-13070148967527755086.pkl,gleditsia,10,train
vancouver-test-11349201835164722589.pkl,prunus,17,train
vancouver-test-2166783641643305183.pkl,quercus,3,train
vancouver-test-13344147150527931030.pkl,cornus,13,train
vancouver-test-5928993898453798398.pkl,carpinus,8,train
vancouver-test-8503398847847412758.pkl,acer,20,train
vancouver-test-1363416853243661228.pkl,cercis,14,train
vancouver-test-16552693564361904880.pkl,syringa,11,train
vancouver-test-14859529651094671192.pkl,crataegus,12,train
vancouver-test-17260942475256574631.pkl,acer,20,train
vancouver-test-7582561079517149116.pkl,crataegus,12,train
vancouver-test-7958395284487953542.pkl,fraxinus,1,train
vancouver-test-10329670171972153155.pkl,magnolia,0,train
vancouver-test-1190134209905311014.pkl,carpinus,8,train
vancouver-test-15171077714283309399.pkl,magnolia,0,train
vancouver-test-6524533754573228420.pkl,prunus,17,train
vancouver-test-5828771691064056485.pkl,acer,20,train
vancouver-test-1385440314909664344.pkl,carpinus,8,train
vancouver-test-3389491160454382582.pkl,fagus,18,train
vancouver-test-8575539500523585804.pkl,carpinus,8,train
vancouver-test-4733554246274335170.pkl,quercus,3,train
vancouver-test-9389733980365963036.pkl,prunus,17,train
vancouver-test-6303250246782948123.pkl,prunus,17,train
vancouver-test-13680856018856786976.pkl,prunus,17,train
vancouver-test-16207165440731539714.pkl,prunus,17,train
vancouver-test-9301670957274159565.pkl,prunus,17,train
vancouver-test-15196561940503936583.pkl,quercus,3,train
vancouver-test-7515854979102171584.pkl,magnolia,0,train
vancouver-test-2790397536450106138.pkl,prunus,17,train
vancouver-test-6454729133268117913.pkl,acer,20,train
vancouver-test-17741744644065318141.pkl,fraxinus,1,train
vancouver-test-5000004023469066320.pkl,cornus,13,train
vancouver-test-16568826098513016113.pkl,prunus,17,train
vancouver-test-18198418113741241957.pkl,tilia,6,train
vancouver-test-10797838693830739832.pkl,tilia,6,train
vancouver-test-16081825767440227002.pkl,acer,20,train
vancouver-test-10158323509522785997.pkl,crataegus,12,train
vancouver-test-17279590849234443801.pkl,fagus,18,train
vancouver-test-12132479628880220704.pkl,acer,20,train
vancouver-test-10292738497107219095.pkl,acer,20,train
vancouver-test-5887872204936332735.pkl,thuja,15,train
vancouver-test-17136316868404827370.pkl,prunus,17,train
vancouver-test-6255230654529129119.pkl,acer,20,train
vancouver-test-5242202034589839719.pkl,prunus,17,train
vancouver-test-4552751380527833404.pkl,cornus,13,train
vancouver-test-16578249419200232215.pkl,fraxinus,1,train
vancouver-test-15709795758942254871.pkl,acer,20,train
vancouver-test-10467733806795341894.pkl,fagus,18,train
vancouver-test-2898323136125651671.pkl,tilia,6,train
vancouver-test-2904144252840349415.pkl,tilia,6,train
vancouver-test-12754672555182752159.pkl,quercus,3,train
vancouver-test-9101467900744389193.pkl,acer,20,train
vancouver-test-14371153001488813047.pkl,fagus,18,train
vancouver-test-12650066582355480291.pkl,pyrus,2,train
vancouver-test-12087889427202275171.pkl,cornus,13,train
vancouver-test-9512454683181973042.pkl,quercus,3,train
vancouver-test-4069166024448887462.pkl,acer,20,train
vancouver-test-1616734027361314184.pkl,prunus,17,train
vancouver-test-18269376056259862169.pkl,prunus,17,train
vancouver-test-16234371480259439423.pkl,platanus,9,train
vancouver-test-5984604454888371712.pkl,malus,21,train
vancouver-test-10714200914643159429.pkl,fagus,18,train
vancouver-test-778829071820609826.pkl,tilia,6,train
vancouver-test-2154515781325332772.pkl,acer,20,train
vancouver-test-10572417066015988015.pkl,pyrus,2,train
vancouver-test-11501057933288441081.pkl,fagus,18,train
vancouver-test-16962142621547353048.pkl,platanus,9,train
vancouver-test-17426887470210514848.pkl,prunus,17,train
vancouver-test-5648798857944516450.pkl,quercus,3,train
vancouver-test-14471939566515846114.pkl,magnolia,0,train
vancouver-test-10313373658282952642.pkl,magnolia,0,train
vancouver-test-13053684090832638114.pkl,magnolia,0,train
vancouver-test-5290213609482338815.pkl,acer,20,train
vancouver-test-5294870334941342790.pkl,syringa,11,train
vancouver-test-6382303759317764624.pkl,tilia,6,train
vancouver-test-522828854748220982.pkl,acer,20,train
vancouver-test-3002908144220288196.pkl,tilia,6,train
vancouver-test-8854330017247066052.pkl,picea,5,train
vancouver-test-15674171483971283278.pkl,syringa,11,train
vancouver-test-17513025043604372291.pkl,prunus,17,train
vancouver-test-9200562053738057112.pkl,fraxinus,1,train
vancouver-test-15594710704535202591.pkl,cornus,13,train
vancouver-test-3426744138602160896.pkl,magnolia,0,train
vancouver-test-15731963967835793404.pkl,acer,20,train
vancouver-test-2363522573408204486.pkl,acer,20,train
vancouver-test-4286657910097699438.pkl,acer,20,train
vancouver-test-5841970989358052201.pkl,magnolia,0,train
vancouver-test-16353630418109053218.pkl,quercus,3,train
vancouver-test-13617111865204304956.pkl,tilia,6,train
vancouver-test-12569962231202131429.pkl,magnolia,0,train
vancouver-test-189590364651482764.pkl,prunus,17,train
vancouver-test-2953760201123829709.pkl,prunus,17,train
vancouver-test-6195069425069692432.pkl,magnolia,0,train
vancouver-test-15418271306142778312.pkl,prunus,17,train
vancouver-test-8715715857205132556.pkl,prunus,17,train
vancouver-test-3567953978121131672.pkl,prunus,17,train
vancouver-test-887987733087760067.pkl,prunus,17,train
vancouver-test-14078482975112885344.pkl,tilia,6,train
vancouver-test-12934639709152075405.pkl,acer,20,train
vancouver-test-62777778816730583.pkl,acer,20,train
vancouver-test-17844022823833189463.pkl,prunus,17,train
vancouver-test-9598598915110916096.pkl,acer,20,train
vancouver-test-13117681425389747610.pkl,quercus,3,train
vancouver-test-13798262240026537123.pkl,acer,20,train
vancouver-test-5490903308115227701.pkl,acer,20,train
vancouver-test-3606152737933105570.pkl,prunus,17,train
vancouver-test-2478086707322110992.pkl,ulmus,4,train
vancouver-test-233052635139424663.pkl,acer,20,train
vancouver-test-7351334774508297058.pkl,magnolia,0,train
vancouver-test-247151405868755534.pkl,fraxinus,1,train
vancouver-test-13370776428920803018.pkl,magnolia,0,train
vancouver-test-17997162690456938731.pkl,tilia,6,train
vancouver-test-9395453265455786627.pkl,acer,20,train
vancouver-test-7822213472614836237.pkl,fagus,18,train
vancouver-test-5005860346083199751.pkl,carpinus,8,train
vancouver-test-7305674305780103848.pkl,magnolia,0,train
vancouver-test-3497218217180340224.pkl,quercus,3,train
vancouver-test-6447955466322717025.pkl,tilia,6,train
vancouver-test-4842849410441485971.pkl,fraxinus,1,train
vancouver-test-7936380073199921411.pkl,fraxinus,1,train
vancouver-test-3701509971501865312.pkl,prunus,17,train
vancouver-test-103628903722855659.pkl,carpinus,8,train
vancouver-test-17827686375021535312.pkl,acer,20,train
vancouver-test-10377223448291847626.pkl,thuja,15,train
vancouver-test-16530507928068632052.pkl,prunus,17,train
vancouver-test-8145561446258659677.pkl,prunus,17,train
vancouver-test-11895353103770574795.pkl,prunus,17,train
vancouver-test-8189612822595128985.pkl,acer,20,train
vancouver-test-6047260756364950870.pkl,tilia,6,train
vancouver-test-12080673376490562217.pkl,carpinus,8,train
vancouver-test-8030342126344514836.pkl,prunus,17,train
vancouver-test-3210368331546971570.pkl,fagus,18,train
vancouver-test-15774634935322509078.pkl,prunus,17,train
vancouver-test-3466954017033721872.pkl,malus,21,train
vancouver-test-14275134778146698878.pkl,tilia,6,train
vancouver-test-3629254062512167252.pkl,fraxinus,1,train
vancouver-test-10538275602164942706.pkl,gleditsia,10,train
vancouver-test-14959311387566071901.pkl,magnolia,0,train
vancouver-test-9476552657642383130.pkl,magnolia,0,train
vancouver-test-17946156675822236441.pkl,syringa,11,train
vancouver-test-5062921586539839227.pkl,prunus,17,train
vancouver-test-14300494216384848217.pkl,tilia,6,train
vancouver-test-11644704209613756390.pkl,acer,20,train
vancouver-test-7389047439246357178.pkl,cornus,13,train
vancouver-test-6581345652063761719.pkl,prunus,17,train
vancouver-test-14957346030807307065.pkl,prunus,17,train
vancouver-test-6204577156718260487.pkl,acer,20,train
vancouver-test-309230123995320401.pkl,syringa,11,train
vancouver-test-17597408910695946061.pkl,quercus,3,train
vancouver-test-2295398969200795921.pkl,fraxinus,1,train
vancouver-test-17647708198310870029.pkl,acer,20,train
vancouver-test-15846780056782022635.pkl,magnolia,0,train
vancouver-test-18372276163721345533.pkl,tilia,6,train
vancouver-test-17896605765109943921.pkl,carpinus,8,train
vancouver-test-7765034852811320231.pkl,fraxinus,1,train
vancouver-test-16396958091102337130.pkl,gleditsia,10,train
vancouver-test-1743636495154561182.pkl,prunus,17,train
vancouver-test-609007225402131824.pkl,fraxinus,1,train
vancouver-test-3992960813803452103.pkl,tilia,6,train
vancouver-test-17728925310909852809.pkl,crataegus,12,train
vancouver-test-17318056603102037485.pkl,acer,20,train
vancouver-test-5373081599974869423.pkl,quercus,3,train
vancouver-test-3452721584799487442.pkl,prunus,17,train
vancouver-test-6943566206991131204.pkl,prunus,17,train
vancouver-test-1389675994436559739.pkl,prunus,17,train
vancouver-test-14382603504895863264.pkl,quercus,3,train
vancouver-test-17755396567520622685.pkl,acer,20,train
vancouver-test-14016963996947940498.pkl,fagus,18,train
vancouver-test-14409148600926890800.pkl,carpinus,8,train
vancouver-test-450596416217755897.pkl,acer,20,train
vancouver-test-2482871402750943664.pkl,quercus,3,train
vancouver-test-15623285945957793755.pkl,fraxinus,1,train
vancouver-test-11520949261394676632.pkl,quercus,3,train
vancouver-test-995844481851968701.pkl,malus,21,train
vancouver-train-11645014960831949165.pkl,acer,20,train
vancouver-test-3530028600044937151.pkl,acer,20,train
vancouver-test-6014819274498235346.pkl,thuja,15,train
vancouver-test-17586740963514848223.pkl,fraxinus,1,train
vancouver-test-1718349256694491875.pkl,prunus,17,train
vancouver-test-2503884979685615401.pkl,acer,20,train
vancouver-test-7851613789346183688.pkl,prunus,17,train
vancouver-test-17502342988339370058.pkl,fraxinus,1,train
vancouver-test-6310450937480095453.pkl,crataegus,12,train
vancouver-test-16818965009550985381.pkl,thuja,15,train
vancouver-test-1057599422134616851.pkl,acer,20,train
vancouver-test-4597416049641145615.pkl,prunus,17,train
vancouver-test-7324794085262883894.pkl,carpinus,8,train
vancouver-test-16303053450873168102.pkl,fraxinus,1,train
vancouver-test-3945706524684892186.pkl,fagus,18,train
vancouver-test-15364070055438399422.pkl,crataegus,12,train
vancouver-test-12211890840093643189.pkl,malus,21,train
vancouver-test-15079101976094928315.pkl,thuja,15,train
vancouver-test-8789238782934052063.pkl,magnolia,0,train
vancouver-test-1414545793966474554.pkl,acer,20,train
vancouver-test-15018444937760467465.pkl,quercus,3,train
vancouver-test-8961432683152231940.pkl,fraxinus,1,train
vancouver-test-9327376314104294915.pkl,prunus,17,train
vancouver-test-13339365475936720018.pkl,prunus,17,train
vancouver-test-13579039596573084071.pkl,tilia,6,train
vancouver-test-1085427212852466524.pkl,prunus,17,train
vancouver-test-10311909552642708680.pkl,magnolia,0,train
vancouver-test-1132957801022934870.pkl,acer,20,train
vancouver-test-13327904666963353392.pkl,tilia,6,train
vancouver-test-11199050065651617471.pkl,syringa,11,train
vancouver-test-3602843919368826575.pkl,prunus,17,train
vancouver-test-6528593758380378209.pkl,carpinus,8,train
vancouver-test-3735596041275940461.pkl,fraxinus,1,train
vancouver-test-15022183860760413483.pkl,prunus,17,train
vancouver-test-10908398624448234691.pkl,fraxinus,1,train
vancouver-test-11527266896373306228.pkl,acer,20,train
vancouver-test-7736777825338127168.pkl,malus,21,train
vancouver-test-10573590970389416792.pkl,cercis,14,train
vancouver-test-11862723558342751587.pkl,acer,20,train
vancouver-test-4680952217141189731.pkl,cercis,14,train
vancouver-test-16317943885515338564.pkl,gleditsia,10,train
vancouver-test-16093665983643932263.pkl,magnolia,0,train
vancouver-test-16672043612497321320.pkl,prunus,17,train
vancouver-test-11087190258269703494.pkl,acer,20,train
vancouver-test-14240959349194813652.pkl,pyrus,2,train
vancouver-test-2005275401113352992.pkl,carpinus,8,train
vancouver-test-6610390376015901587.pkl,crataegus,12,train
vancouver-test-5146282596146010789.pkl,acer,20,train
vancouver-test-1055533625501982860.pkl,magnolia,0,train
vancouver-test-12206974914804685134.pkl,prunus,17,train
vancouver-test-18246597856328106322.pkl,carpinus,8,train
vancouver-test-5333928835244991263.pkl,acer,20,train
vancouver-test-5471255358621601212.pkl,acer,20,train
vancouver-test-6014221316320093840.pkl,prunus,17,train
vancouver-test-8339228047873137747.pkl,acer,20,train
vancouver-test-4782928833017105407.pkl,quercus,3,train
vancouver-test-7087227015649209242.pkl,fagus,18,train
vancouver-test-6353971698118375523.pkl,prunus,17,train
vancouver-test-17090926058268798285.pkl,quercus,3,train
vancouver-test-16289416184106607437.pkl,aesculus,7,train
vancouver-test-12265480511488456916.pkl,prunus,17,train
vancouver-test-6507393086393730991.pkl,aesculus,7,train
vancouver-test-16865088754175583820.pkl,fraxinus,1,train
vancouver-test-13154022808577071440.pkl,magnolia,0,train
vancouver-test-2676810543946520423.pkl,prunus,17,train
vancouver-test-7395623555453157327.pkl,fraxinus,1,train
vancouver-test-4197682144418094250.pkl,malus,21,train
vancouver-test-14809040245545392736.pkl,acer,20,train
vancouver-test-10987162658719656946.pkl,acer,20,train
vancouver-test-15351225200076159070.pkl,prunus,17,train
vancouver-test-15134877765123574457.pkl,prunus,17,train
vancouver-test-3882398774313967677.pkl,carpinus,8,train
vancouver-test-13287362328943553437.pkl,prunus,17,train
vancouver-test-3098687511485549577.pkl,acer,20,train
vancouver-test-9169932807340816596.pkl,prunus,17,train
vancouver-test-6591905948858117180.pkl,fagus,18,train
vancouver-test-3937515499738800469.pkl,prunus,17,train
vancouver-test-15714994218806126960.pkl,prunus,17,train
vancouver-test-13231442220843104015.pkl,acer,20,train
vancouver-test-3398760518259306047.pkl,carpinus,8,train
vancouver-test-15347674935101573955.pkl,acer,20,train
vancouver-test-7992966862117419387.pkl,prunus,17,train
vancouver-test-12713133658638903481.pkl,fraxinus,1,train
vancouver-test-9213313128699181218.pkl,acer,20,train
vancouver-test-4078033639069929379.pkl,tilia,6,train
vancouver-test-12494872849740833227.pkl,magnolia,0,train
vancouver-test-17712441584888647090.pkl,prunus,17,train
vancouver-test-17311290799803970546.pkl,prunus,17,train
vancouver-test-7698602761998624380.pkl,fagus,18,train
vancouver-test-11696295119733780323.pkl,fraxinus,1,train
vancouver-test-15323269525136334428.pkl,acer,20,train
vancouver-test-5125476671376843235.pkl,fraxinus,1,train
vancouver-test-15658217461998166668.pkl,magnolia,0,train
vancouver-test-15595695920250697819.pkl,acer,20,train
vancouver-test-18116262649847490029.pkl,acer,20,train
vancouver-test-2477923637587136278.pkl,quercus,3,train
vancouver-test-11083282824555177528.pkl,acer,20,train
vancouver-test-15389174205714272559.pkl,acer,20,train
vancouver-test-13617142959892965020.pkl,acer,20,train
vancouver-test-169345948888648736.pkl,malus,21,train
vancouver-test-17565735797080614324.pkl,quercus,3,train
vancouver-test-14528476990088626031.pkl,carpinus,8,train
vancouver-test-5092247366542369888.pkl,tilia,6,train
vancouver-test-3099498981332660740.pkl,prunus,17,train
vancouver-test-17188531430119363592.pkl,acer,20,train
vancouver-test-17141665943454223772.pkl,prunus,17,train
vancouver-test-8930663904845084442.pkl,pyrus,2,train
vancouver-test-16125602587963702680.pkl,cornus,13,train
vancouver-test-7627162594980323125.pkl,acer,20,train
vancouver-test-8073545082662155117.pkl,carpinus,8,train
vancouver-test-12261089140342444100.pkl,fagus,18,train
vancouver-test-2500699602067079098.pkl,carpinus,8,train
vancouver-test-14961105917600393506.pkl,cornus,13,train
vancouver-test-475425442468848378.pkl,acer,20,train
vancouver-test-5795017199138808114.pkl,cornus,13,train
vancouver-test-11886284265199749437.pkl,malus,21,train
vancouver-test-3393091265884149164.pkl,fraxinus,1,train
vancouver-test-11347786022267373415.pkl,magnolia,0,train
vancouver-test-8489534499424314324.pkl,fraxinus,1,train
vancouver-test-3086917001780449472.pkl,prunus,17,train
vancouver-test-9991649476972802542.pkl,acer,20,train
vancouver-test-1227999188123184306.pkl,tilia,6,train
vancouver-test-18158940427932319678.pkl,aesculus,7,train
vancouver-test-4487358204797212965.pkl,prunus,17,train
vancouver-test-5662766151016203820.pkl,fagus,18,train
vancouver-test-13271476600590241328.pkl,acer,20,train
vancouver-test-758381380691632425.pkl,quercus,3,train
vancouver-test-8528173083822444590.pkl,prunus,17,train
vancouver-test-9858733827321860285.pkl,acer,20,train
vancouver-test-10204712516404168710.pkl,acer,20,train
vancouver-test-18268370556728952916.pkl,prunus,17,train
vancouver-test-10769315132690008011.pkl,acer,20,train
vancouver-test-10520385503661067516.pkl,acer,20,train
vancouver-test-8176689371597605807.pkl,prunus,17,train
vancouver-test-8829306678682138461.pkl,syringa,11,train
vancouver-test-8536896604224412772.pkl,prunus,17,train
vancouver-test-3375610972671014306.pkl,acer,20,train
vancouver-test-7677418987585897244.pkl,crataegus,12,train
vancouver-test-15567874643477493404.pkl,magnolia,0,train
vancouver-test-1604693448079975909.pkl,prunus,17,train
vancouver-test-467552195055171897.pkl,acer,20,train
vancouver-test-3715079873729162934.pkl,carpinus,8,train
vancouver-test-11932587366210330170.pkl,acer,20,train
vancouver-test-9118588909336256579.pkl,acer,20,train
vancouver-test-2206175556105810554.pkl,carpinus,8,test
vancouver-test-1612335856315039811.pkl,carpinus,8,test
vancouver-test-18362902176534985582.pkl,malus,21,test
vancouver-test-1159564264128535096.pkl,tilia,6,test
vancouver-test-4898041501363202981.pkl,cornus,13,test
vancouver-test-8739937647418138394.pkl,quercus,3,test
vancouver-train-15905919415191208617.pkl,thuja,15,test
vancouver-test-1032875833309304150.pkl,pyrus,2,test
vancouver-test-12216758897828820618.pkl,crataegus,12,test
vancouver-test-9684620770013974675.pkl,acer,20,test
vancouver-test-16348235644866965623.pkl,ulmus,4,test
vancouver-test-4985521574718356709.pkl,fraxinus,1,test
vancouver-test-909146811682502901.pkl,carpinus,8,test
vancouver-test-5948069919960266696.pkl,ulmus,4,test
vancouver-test-9776660989793366921.pkl,acer,20,test
vancouver-test-9211242363855416032.pkl,prunus,17,test
vancouver-test-899084484352807711.pkl,corylus,16,test
vancouver-test-13737738906967034929.pkl,prunus,17,test
vancouver-test-3691041616659666454.pkl,prunus,17,test
vancouver-test-17371946931639333528.pkl,acer,20,test
vancouver-test-16198567985435525516.pkl,gleditsia,10,test
vancouver-test-18085786286592426016.pkl,malus,21,test
vancouver-test-3134762059218429430.pkl,pyrus,2,test
vancouver-test-15834373034355815276.pkl,corylus,16,test
vancouver-train-547335739628023871.pkl,carpinus,8,test
vancouver-test-4503112793802346413.pkl,prunus,17,test
vancouver-test-11116195211498822998.pkl,acer,20,test
vancouver-test-17149550578402627054.pkl,acer,20,test
vancouver-test-4354570269395188613.pkl,acer,20,test
vancouver-test-360966331458368019.pkl,acer,20,test
vancouver-test-12166097349391918886.pkl,quercus,3,test
vancouver-test-371060295432710388.pkl,acer,20,test
vancouver-test-15357403024394915974.pkl,acer,20,test
vancouver-test-1313799519156193470.pkl,acer,20,test
vancouver-test-14254955032126435215.pkl,malus,21,test
vancouver-test-7397435987909446972.pkl,acer,20,test
vancouver-test-10528187295381922094.pkl,fagus,18,test
vancouver-test-16558198477556751625.pkl,carpinus,8,test
vancouver-test-559399154571894189.pkl,prunus,17,test
vancouver-test-378817463775824192.pkl,pyrus,2,test
vancouver-test-14138483257962608300.pkl,acer,20,test
vancouver-test-8666916861489780018.pkl,fagus,18,test
vancouver-train-2317238083253066967.pkl,acer,20,test
vancouver-test-7889166440728018524.pkl,acer,20,test
vancouver-test-11525770298968646608.pkl,prunus,17,test
vancouver-test-5607251430030936092.pkl,prunus,17,test
vancouver-train-5235496215219408022.pkl,cercidiphyllum,19,test
vancouver-test-5093584078588307554.pkl,prunus,17,test
vancouver-test-8013966624199353181.pkl,prunus,17,test
vancouver-test-7826227172932452568.pkl,tilia,6,test
vancouver-test-14689466707449669189.pkl,fraxinus,1,test
vancouver-test-6359551304576516850.pkl,prunus,17,test
vancouver-test-2098158464032795587.pkl,prunus,17,test
vancouver-test-329412294532584825.pkl,prunus,17,test
vancouver-test-9912366151826927037.pkl,prunus,17,test
vancouver-test-4481172581339306209.pkl,acer,20,test
vancouver-test-11076451169605422108.pkl,carpinus,8,test
vancouver-test-7017474742568072852.pkl,prunus,17,test
vancouver-test-725990982819416610.pkl,cornus,13,test
vancouver-test-5633456597575147580.pkl,fraxinus,1,test
vancouver-test-14793377982150427428.pkl,prunus,17,test
vancouver-test-9654992055933896693.pkl,malus,21,test
vancouver-test-634125200787810965.pkl,acer,20,test
vancouver-test-8536167199547499956.pkl,prunus,17,test
vancouver-test-7873556988962822078.pkl,prunus,17,test
vancouver-test-12583632350981409489.pkl,prunus,17,test
vancouver-test-4929688749591357068.pkl,carpinus,8,test
vancouver-test-13209825396010042308.pkl,acer,20,test
vancouver-test-5990795337965378597.pkl,platanus,9,test
vancouver-test-18176729341692950568.pkl,picea,5,test
vancouver-test-9068434982637683235.pkl,carpinus,8,test
vancouver-test-6035412709930484802.pkl,acer,20,test
vancouver-test-2071944044045869442.pkl,crataegus,12,test
vancouver-test-4535633972286542175.pkl,tilia,6,test
vancouver-test-11794258953882184165.pkl,platanus,9,test
vancouver-test-8368889909306740132.pkl,cornus,13,test
vancouver-test-12680206659882798813.pkl,platanus,9,test
vancouver-test-13196098999113924519.pkl,pyrus,2,test
vancouver-test-3537881849929181903.pkl,pyrus,2,test
vancouver-test-6245211146723564142.pkl,magnolia,0,test
vancouver-test-9694518881757204646.pkl,magnolia,0,test
vancouver-test-15974876732721249697.pkl,fagus,18,test
vancouver-test-17398944269601533472.pkl,acer,20,test
vancouver-test-143012113830267632.pkl,cercidiphyllum,19,test
vancouver-test-9994036732733933463.pkl,quercus,3,test
vancouver-test-904413918489729190.pkl,cercis,14,test
vancouver-test-14216066780746967791.pkl,prunus,17,test
vancouver-test-9843092399661617493.pkl,magnolia,0,test
vancouver-test-11434730591024565620.pkl,malus,21,test
vancouver-test-15843855970871913842.pkl,acer,20,test
vancouver-test-17643800664227974874.pkl,acer,20,test
vancouver-train-11399859385642736867.pkl,aesculus,7,test
vancouver-test-18415215022547492417.pkl,fagus,18,test
vancouver-test-7366073131754779800.pkl,fagus,18,test
vancouver-test-1221144929956483349.pkl,syringa,11,test
vancouver-test-8370070218935746629.pkl,fagus,18,test
vancouver-test-10071316077202372008.pkl,prunus,17,test
vancouver-test-17010649287932300862.pkl,prunus,17,test
vancouver-test-16190800085378812137.pkl,platanus,9,test
vancouver-train-573010606644762700.pkl,fagus,18,test
vancouver-test-12274351986119250565.pkl,prunus,17,test
vancouver-test-5305681876216577552.pkl,acer,20,test
vancouver-test-12477756717348280444.pkl,carpinus,8,test
vancouver-test-5536389157953456746.pkl,prunus,17,test
vancouver-test-10716935577080099351.pkl,acer,20,test
